Title,Year,Genre,Budget,Revenue,IMDB_Rating,RottenTomatoes_Score,Review_Sentiment,Success
Movie 1,2006,Romance,131690425,218012517,5.6,98,positive,1
Movie 2,2019,Action,140997589,172150289,7.2,49,neutral,1
Movie 3,2014,Action,11079600,34829790,5.2,40,neutral,1
Movie 4,2010,Drama,53381573,102715737,4.4,67,negative,1
Movie 5,2007,Sci-Fi,18849851,51037066,4.6,35,neutral,1
Movie 6,2020,Comedy,70779108,169754457,4.6,52,positive,1
Movie 7,2006,Romance,105534048,164532788,4.8,76,neutral,1
Movie 8,2018,Horror,76009351,160011089,4.7,75,positive,1
Movie 9,2022,Comedy,95871668,131129519,7.2,41,positive,1
Movie 10,2010,Sci-Fi,102526139,131044511,4.9,42,positive,1
Movie 11,2010,Horror,131637867,124480526,5.7,91,negative,0
Movie 12,2020,Drama,129193195,206277837,8.5,89,positive,1
Movie 13,2003,Drama,94890726,108868728,6.4,72,neutral,1
Movie 14,2007,Action,108129091,90502230,7.3,97,neutral,0
Movie 15,2002,Sci-Fi,136800645,172354109,4.9,34,neutral,1
Movie 16,2021,Romance,39549535,118754032,5.0,66,positive,1
Movie 17,2020,Horror,144667123,167468321,4.2,60,negative,1
Movie 18,2001,Comedy,61592034,60484042,4.8,38,positive,0
Movie 19,2011,Sci-Fi,63386038,78813891,5.4,80,positive,1
Movie 20,2005,Sci-Fi,67351079,104233397,4.9,58,positive,1
Movie 21,2001,Drama,43266319,96457133,4.4,69,positive,1
Movie 22,2020,Action,147597297,243910897,4.6,70,neutral,1
Movie 23,2000,Action,80009467,70996335,6.3,40,negative,0
Movie 24,2011,Horror,126372585,146852894,5.0,52,positive,1
Movie 25,2021,Drama,54910237,128602002,5.8,30,positive,1
Movie 26,2011,Sci-Fi,112310007,131831545,6.5,75,positive,1
Movie 27,2016,Romance,99473854,191821645,7.5,50,positive,1
Movie 28,2009,Drama,16319707,75135409,4.2,65,neutral,1
Movie 29,2015,Horror,78532150,119505134,8.0,83,positive,1
Movie 30,2014,Horror,13695961,32369315,7.1,86,positive,1
Movie 31,2014,Drama,118880612,189944237,4.4,30,positive,1
Movie 32,2018,Horror,118011636,153466067,8.4,92,neutral,1
Movie 33,2011,Drama,88911293,183217100,8.6,83,neutral,1
Movie 34,2022,Comedy,110846358,156403805,4.3,84,neutral,1
Movie 35,2019,Drama,46396424,110241901,5.4,69,negative,1
Movie 36,2002,Drama,14294539,72277206,8.0,44,negative,1
Movie 37,2004,Horror,145021056,180881687,7.7,50,positive,1
Movie 38,2018,Horror,30840174,124152585,4.9,76,neutral,1
Movie 39,2006,Action,11043233,90514965,5.0,82,neutral,1
Movie 40,2020,Action,144747253,242348540,5.9,38,negative,1
Movie 41,2008,Comedy,126376111,164057128,6.4,81,neutral,1
Movie 42,2006,Action,138565108,121232975,7.1,86,neutral,0
Movie 43,2017,Drama,66996736,140834723,5.8,55,negative,1
Movie 44,2003,Horror,84583311,177104616,6.3,70,neutral,1
Movie 45,2013,Action,81709884,118697155,7.7,64,neutral,1
Movie 46,2017,Action,147917119,169158392,4.2,92,negative,1
Movie 47,2008,Comedy,25192217,50911060,5.3,54,negative,1
Movie 48,2020,Sci-Fi,43698788,114563605,7.6,67,positive,1
Movie 49,2001,Comedy,71819576,120272467,8.5,31,negative,1
Movie 50,2019,Drama,136184732,181617015,6.6,36,positive,1
Movie 51,2014,Horror,135838555,187113919,6.7,63,negative,1
Movie 52,2006,Comedy,145965742,150210006,4.5,46,neutral,1
Movie 53,2011,Action,79397491,102131798,6.2,72,negative,1
Movie 54,2007,Horror,83706383,138699726,6.7,88,positive,1
Movie 55,2014,Horror,67399769,115006195,5.2,80,positive,1
Movie 56,2002,Action,126710653,152502386,5.3,83,positive,1
Movie 57,2013,Comedy,116402148,100980386,5.9,53,neutral,0
Movie 58,2016,Action,110952086,111767078,4.1,54,positive,1
Movie 59,2003,Sci-Fi,60018037,61306985,5.6,81,positive,1
Movie 60,2017,Horror,53351876,38913943,5.1,99,positive,0
Movie 61,2007,Romance,60166883,78958511,5.6,62,neutral,1
Movie 62,2003,Romance,56787763,126800162,4.6,78,neutral,1
Movie 63,2001,Drama,75732489,83078309,8.5,58,positive,1
Movie 64,2005,Action,13693305,28848133,7.0,92,positive,1
Movie 65,2021,Action,23470137,23558502,7.4,51,negative,1
Movie 66,2009,Drama,14466271,53308929,7.9,55,negative,1
Movie 67,2003,Drama,44654999,67764627,6.5,57,negative,1
Movie 68,2021,Drama,37451727,30473300,4.4,78,positive,0
Movie 69,2017,Horror,84815222,117642951,6.7,78,negative,1
Movie 70,2011,Sci-Fi,38997889,63618547,6.9,49,positive,1
Movie 71,2001,Action,123865200,133799023,7.7,92,neutral,1
Movie 72,2009,Horror,109967871,170123203,6.2,90,negative,1
Movie 73,2003,Drama,58978079,123439437,4.6,78,positive,1
Movie 74,2013,Action,21726298,57245426,5.4,30,positive,1
Movie 75,2015,Horror,65723671,97233368,5.8,42,negative,1
Movie 76,2014,Sci-Fi,66564401,133530682,7.2,80,neutral,1
Movie 77,2007,Horror,56673570,150397785,6.9,85,negative,1
Movie 78,2013,Sci-Fi,88547323,75683352,5.8,91,negative,0
Movie 79,2022,Drama,25033888,100871313,8.9,61,neutral,1
Movie 80,2007,Sci-Fi,99132960,166483482,7.0,59,negative,1
Movie 81,2020,Action,44958762,84953750,5.2,58,positive,1
Movie 82,2015,Drama,27028708,43897832,4.5,78,neutral,1
Movie 83,2012,Action,14035851,107281153,4.8,74,positive,1
Movie 84,2017,Romance,57685442,59182265,5.2,59,positive,1
Movie 85,2014,Comedy,44045504,30330592,4.8,45,neutral,0
Movie 86,2020,Sci-Fi,111750176,210301077,4.9,69,positive,1
Movie 87,2012,Comedy,123751207,153659064,5.4,48,positive,1
Movie 88,2008,Comedy,140355017,199924136,4.9,47,positive,1
Movie 89,2014,Sci-Fi,92396202,143418008,8.5,30,neutral,1
Movie 90,2012,Drama,45610155,134774875,4.4,76,positive,1
Movie 91,2000,Romance,112912284,100381094,6.6,95,positive,0
Movie 92,2006,Action,39469068,21104224,6.1,67,positive,0
Movie 93,2008,Horror,126346891,131647945,8.9,80,positive,1
Movie 94,2000,Action,19702701,76966789,4.6,92,positive,1
Movie 95,2011,Horror,88262145,73263190,6.0,33,positive,0
Movie 96,2007,Action,147193970,198766252,8.8,30,negative,1
Movie 97,2010,Sci-Fi,113312086,121579270,8.3,37,positive,1
Movie 98,2018,Romance,47317456,138250908,8.1,58,positive,1
Movie 99,2016,Horror,141952729,126298489,5.3,84,positive,0
Movie 100,2007,Drama,37812615,41743599,4.9,32,positive,1
Movie 101,2002,Action,54653148,71458878,7.3,61,negative,1
Movie 102,2002,Action,149050905,167070487,8.6,39,neutral,1
Movie 103,2000,Horror,109952217,190484825,6.8,63,positive,1
Movie 104,2004,Drama,130794109,169514769,6.9,84,positive,1
Movie 105,2009,Drama,18454561,106367760,5.4,61,positive,1
Movie 106,2006,Sci-Fi,55932658,91161896,7.8,79,neutral,1
Movie 107,2008,Sci-Fi,146815208,216890861,4.9,36,neutral,1
Movie 108,2006,Sci-Fi,33151417,31252116,5.6,37,negative,0
Movie 109,2008,Sci-Fi,49673332,31395652,6.1,94,positive,0
Movie 110,2007,Sci-Fi,26934380,20232752,6.5,86,neutral,0
Movie 111,2011,Sci-Fi,20617244,120390273,5.2,96,positive,1
Movie 112,2001,Romance,139195004,148897918,4.6,88,positive,1
Movie 113,2000,Drama,147587448,231447084,7.1,83,positive,1
Movie 114,2015,Sci-Fi,12640328,89919326,5.4,96,positive,1
Movie 115,2022,Drama,35856919,97407227,6.9,80,neutral,1
Movie 116,2022,Drama,67658082,79315606,4.8,37,neutral,1
Movie 117,2004,Comedy,21552291,32758343,6.4,63,positive,1
Movie 118,2002,Romance,10070640,20484153,6.7,64,negative,1
Movie 119,2011,Sci-Fi,123442790,128771887,4.3,61,neutral,1
Movie 120,2007,Action,87498463,79741489,5.7,75,neutral,0
Movie 121,2021,Horror,131562775,207490155,4.7,45,negative,1
Movie 122,2002,Action,13741196,49765337,4.3,97,neutral,1
Movie 123,2000,Romance,29511512,84868128,8.9,66,neutral,1
Movie 124,2002,Horror,21720477,19585034,5.6,83,neutral,0
Movie 125,2004,Romance,128338832,114534032,8.0,43,positive,0
Movie 126,2014,Drama,32558781,83644911,5.3,84,positive,1
Movie 127,2013,Horror,69946863,156169115,7.4,77,neutral,1
Movie 128,2002,Drama,72784216,106147620,7.8,36,positive,1
Movie 129,2000,Action,42425301,107154904,7.0,36,neutral,1
Movie 130,2004,Action,98146618,120635895,6.4,62,positive,1
Movie 131,2022,Horror,70995760,64828400,6.1,52,positive,0
Movie 132,2013,Horror,56547339,102907515,5.7,48,positive,1
Movie 133,2006,Sci-Fi,100372540,110433571,8.6,48,positive,1
Movie 134,2008,Romance,140489576,225193351,8.2,65,neutral,1
Movie 135,2014,Sci-Fi,133637835,180838892,8.8,58,neutral,1
Movie 136,2014,Romance,39264326,81166497,4.6,89,neutral,1
Movie 137,2009,Sci-Fi,92896667,153094393,7.7,31,negative,1
Movie 138,2012,Drama,63953229,129026196,8.7,30,positive,1
Movie 139,2018,Horror,66294783,141577509,4.9,76,negative,1
Movie 140,2006,Action,56977874,102790507,4.3,98,negative,1
Movie 141,2016,Romance,39365614,106586511,7.7,49,negative,1
Movie 142,2019,Romance,99268367,111311812,6.9,40,positive,1
Movie 143,2003,Action,57010676,132867433,8.2,31,negative,1
Movie 144,2004,Sci-Fi,135430852,196483270,4.7,96,positive,1
Movie 145,2022,Romance,79426200,146027794,8.0,41,neutral,1
Movie 146,2006,Drama,118352980,212286597,5.0,49,neutral,1
Movie 147,2012,Horror,20198499,36411502,4.8,34,positive,1
Movie 148,2014,Action,47342772,44031860,4.8,66,negative,0
Movie 149,2010,Horror,144415503,213135940,8.1,67,neutral,1
Movie 150,2003,Romance,133291756,224566729,7.3,38,positive,1
Movie 151,2012,Romance,27310852,14413025,6.6,82,neutral,0
Movie 152,2006,Action,64564054,89952592,5.8,73,neutral,1
Movie 153,2018,Drama,88733130,186655322,8.4,53,positive,1
Movie 154,2021,Comedy,143796590,162516701,6.0,59,positive,1
Movie 155,2001,Action,87273675,115789513,8.1,88,positive,1
Movie 156,2009,Comedy,12276360,53633310,6.2,43,positive,1
Movie 157,2012,Sci-Fi,59437769,61502103,5.9,38,positive,1
Movie 158,2020,Comedy,115071545,109752861,6.3,69,neutral,0
Movie 159,2005,Drama,121586533,215658937,5.5,95,positive,1
Movie 160,2011,Sci-Fi,102800518,144482067,7.7,54,positive,1
Movie 161,2011,Comedy,67849484,119059021,6.5,51,neutral,1
Movie 162,2019,Sci-Fi,54079273,136276595,5.2,33,neutral,1
Movie 163,2010,Comedy,102992904,192360634,8.5,55,positive,1
Movie 164,2022,Drama,50201137,79041238,5.9,87,positive,1
Movie 165,2006,Comedy,82571674,163562329,6.7,58,positive,1
Movie 166,2000,Comedy,90497273,132966132,8.5,66,negative,1
Movie 167,2000,Comedy,102792001,133097762,7.1,99,positive,1
Movie 168,2019,Action,90954884,100321961,4.6,47,negative,1
Movie 169,2012,Action,67235484,108816077,8.7,71,neutral,1
Movie 170,2008,Action,105939748,203697797,7.1,70,positive,1
Movie 171,2002,Drama,90768647,120780632,5.7,67,neutral,1
Movie 172,2006,Sci-Fi,33020885,87083506,4.7,63,neutral,1
Movie 173,2005,Romance,11286643,92500161,8.0,46,positive,1
Movie 174,2007,Comedy,51869822,64713567,7.1,66,neutral,1
Movie 175,2008,Comedy,136223660,135574495,6.7,54,negative,0
Movie 176,2004,Drama,24509187,74071803,8.5,56,neutral,1
Movie 177,2000,Comedy,15409861,55494250,7.9,86,negative,1
Movie 178,2018,Action,98825083,136422491,4.8,60,negative,1
Movie 179,2009,Romance,100197406,90518261,5.6,35,negative,0
Movie 180,2011,Horror,126595132,124725386,5.2,69,neutral,0
Movie 181,2014,Comedy,22831595,95357158,7.7,41,neutral,1
Movie 182,2021,Action,85524262,137290819,4.2,82,negative,1
Movie 183,2008,Horror,144666073,226037058,6.8,39,neutral,1
Movie 184,2019,Romance,86246546,146191812,7.8,74,positive,1
Movie 185,2016,Horror,25814828,49373820,8.4,46,positive,1
Movie 186,2016,Action,58763532,90391696,5.7,55,positive,1
Movie 187,2019,Sci-Fi,139716977,185094029,8.1,91,positive,1
Movie 188,2011,Sci-Fi,143833947,218638814,4.6,75,positive,1
Movie 189,2006,Horror,48538877,122370182,8.2,93,neutral,1
Movie 190,2001,Drama,83851335,151200766,4.6,31,positive,1
Movie 191,2002,Horror,54196734,134554183,6.0,83,negative,1
Movie 192,2016,Comedy,113982440,175233528,8.0,94,positive,1
Movie 193,2004,Comedy,99630668,115040071,4.7,80,neutral,1
Movie 194,2016,Sci-Fi,115967805,112013712,5.1,82,neutral,0
Movie 195,2016,Drama,118331512,191256399,7.6,65,positive,1
Movie 196,2016,Action,97580056,140334940,7.6,55,neutral,1
Movie 197,2001,Comedy,131848736,160307009,7.2,58,positive,1
Movie 198,2001,Sci-Fi,120477445,216680714,7.5,50,neutral,1
Movie 199,2021,Romance,62203051,144715743,6.7,40,positive,1
Movie 200,2022,Sci-Fi,149066015,144800224,5.3,69,neutral,0
